origen,destino,tipo,nivel
/calculadoras-automatizadas-a-su-servicio,/post/calculadoras-automatizadas-a-su-servicio,Artículo del blog,A
/calculo-del-fondo-global-retos-actuales,/post/calculo-del-fondo-global-retos-actuales,Artículo del blog,A
/calculo-de-pensiones-de-iess,/post/calculo-de-pensiones-de-iess,Artículo del blog,A
/iess-montepio-e-invalidez,/post/iess-montepio-e-invalidez,Artículo del blog,A
/importancia-del-calculo-tecnico-del-fondo-global-de-jubilacion-patronal,/post/importancia-del-calculo-tecnico-del-fondo-global-de-jubilacion-patronal,Artículo del blog,A
/la-importancia-de-las-vacaciones-y-su-impacto-en-el-mundo-laboral,/post/la-importancia-de-las-vacaciones-y-su-impacto-en-el-mundo-laboral,Artículo del blog,A
/que-es-la-bonificacion-por-desahucio,/post/que-es-la-bonificacion-por-desahucio,Artículo del blog,A
/acta-finiquito-jubilacion-patronal,/post/acta-finiquito-jubilacion-patronal,Artículo del blog,B
/actualizacion-tasa-de-descuento-financiero,/post/actualizacion-tasa-de-descuento-financiero,Artículo del blog,B
/actuaria-plus-el-nuevo-ecosistema-digital-de-actuaria,/post/actuaria-plus-el-nuevo-ecosistema-digital-de-actuaria,Artículo del blog,B
/aplicacion-de-la-normativa-tributaria-para-reversos-de-provisiones-de-jubilacion-patronal-y-desahucio,/post/aplicacion-de-la-normativa-tributaria-para-reversos-de-provisiones-de-jubilacion-patronal-y-desahucio,Artículo del blog,B
/calculo-de-la-pension-de-jubilacion-patronal-analisis-de-las-rebajas-a-favor-del-empleador,/post/calculo-de-la-pension-de-jubilacion-patronal-analisis-de-las-rebajas-a-favor-del-empleador,Artículo del blog,B
/dia-del-contador-ecuatoriano,/post/dia-del-contador-ecuatoriano,Artículo del blog,B
/dia-del-jubilado-ecuatoriano-la-realidad-actual-y-retos-para-el-pais,/post/dia-del-jubilado-ecuatoriano-la-realidad-actual-y-retos-para-el-pais,Artículo del blog,B
/estado-financiero-y-actuarial-del-sistema-de-seguridad-social-ecuatoriano,/post/estado-financiero-y-actuarial-del-sistema-de-seguridad-social-ecuatoriano,Artículo del blog,B
/fondos-complementarios-previsionales-cerrados,/post/fondos-complementarios-previsionales-cerrados,Artículo del blog,B
/impacto-de-la-inseguridad-en-ecuador-en-el-ambito-laboral-desafios-y-perspectivas,/post/impacto-de-la-inseguridad-en-ecuador-en-el-ambito-laboral-desafios-y-perspectivas,Artículo del blog,B
/jubilacion-patronal-y-la-jubilacion-del-seguro-social-del-iess,/post/jubilacion-patronal-y-la-jubilacion-del-seguro-social-del-iess,Artículo del blog,B
/modificacion-en-el-calculo-de-pensiones-del-iees,/post/modificacion-en-el-calculo-de-pensiones-del-iees,Artículo del blog,B
/nic-19-en-el-ecuador,/post/nic-19-en-el-ecuador,Artículo del blog,B
/pension-vitalicia-exmandatarios,/post/pension-vitalicia-exmandatarios,Artículo del blog,B
/perfil-del-actuario-ecuatoriano,/post/perfil-del-actuario-ecuatoriano,Artículo del blog,B
/por-que-realizar-un-estudio-actuarial-para-estimar-los-pasivos-laborales,/post/por-que-realizar-un-estudio-actuarial-para-estimar-los-pasivos-laborales,Artículo del blog,B
/actas-de-finiquito-por-jubilacion-patronal,/post/actas-de-finiquito-por-jubilacion-patronal,Artículo del blog,C
/actas-de-jubilacion-patronal,/post/actas-de-jubilacion-patronal,Artículo del blog,C
/actua-par,/post/actua-par,Artículo del blog,C
/actuaria_blackfriday_2024_diferencia_usa_ec,/post/actuaria-blackfriday-2024-diferencia-usa-ec,Artículo del blog,C
/actuaria-alineada-con-la-red-de-pacto-global,/post/actuaria-alineada-con-la-red-de-pacto-global,Artículo del blog,C
/actuaria-consultora-especializada-en-data-analytics,/post/actuaria-consultora-especializada-en-data-analytics,Artículo del blog,C
/actuaria-consultora-experta-en-datos,/post/actuaria-consultora-experta-en-datos,Artículo del blog,C
/actuaria-miembro-pacto-global,/post/actuaria-miembro-pacto-global,Artículo del blog,C
/actuaria-presenta-en-el-bfa-2026-el-dashboard-de-inteligencia-comercial-para-amcham-quito,/post/actuaria-presenta-en-el-bfa-2026-el-dashboard-de-inteligencia-comercial-para-amcham-quito,Artículo del blog,C
/actuar-por-la-equidad-analisis-estadistico-de-participacion-laboral,/post/actuar-por-la-equidad-analisis-estadistico-de-participacion-laboral,Artículo del blog,C
/actuar-por-la-equidad-la-mujer-en-el-mercado-laboral,/post/actuar-por-la-equidad-la-mujer-en-el-mercado-laboral,Artículo del blog,C
/actuar-ya-rsc,/post/actuar-ya-rsc,Artículo del blog,C
/ahorro-el-tercer-pilar-del-sistemas-de-pensiones,/post/ahorro-el-tercer-pilar-del-sistemas-de-pensiones,Artículo del blog,C
/analisis-de-la-fortaleza-del-dolar-estadounidense-y-el-euro-con-respecto-a-la-situacion-actual,/post/analisis-de-la-fortaleza-del-dolar-estadounidense-y-el-euro-con-respecto-a-la-situacion-actual,Artículo del blog,C
/analisis-del-deterioro-de-cuentas-por-cobrar-por-perdidas-esperadas-como-parte-de-la-gestion-de-riesgo-de-credito,/post/analisis-del-deterioro-de-cuentas-por-cobrar-por-perdidas-esperadas-como-parte-de-la-gestion-de-riesgo-de-credito,Artículo del blog,C
/analisis-del-mercado-asegurador-ecuatoriano-ecuatoriano,/post/analisis-del-mercado-asegurador-ecuatoriano-ecuatoriano,Artículo del blog,C
/analisis-de-sentimiento-comprendiendo-las-emociones-del-consumidor-a-traves-de-los-datos,/post/analisis-de-sentimiento-comprendiendo-las-emociones-del-consumidor-a-traves-de-los-datos,Artículo del blog,C
/analitica-presente-y-futuro-del-deporte,/post/analitica-presente-y-futuro-del-deporte,Artículo del blog,C
/analytics-in-finance,/post/analytics-in-finance,Artículo del blog,C
/apoyar-la-educacion,/post/apoyar-la-educacion,Artículo del blog,C
/apoyo-de-actuaria-al-proyecto-nftree,/post/apoyo-de-actuaria-al-proyecto-nftree,Artículo del blog,C
/aprovecha-al-maximo-tus-beneficios-de-jubilacion-y-planifica-tu-futuro-con-tu-jubilacion-ideal,/post/aprovecha-al-maximo-tus-beneficios-de-jubilacion-y-planifica-tu-futuro-con-tu-jubilacion-ideal,Artículo del blog,C
/aprovecha-al-maximo-tus-beneficios-de-jubilacion-y-planifica-tu-futuro-con-tu-jubilacion-ideal-2,/post/aprovecha-al-maximo-tus-beneficios-de-jubilacion-y-planifica-tu-futuro-con-tu-jubilacion-ideal-2,Artículo del blog,C
/asesoramiento-financiero,/post/asesoramiento-financiero,Artículo del blog,C
/asesoria-integral,/post/asesoria-integral,Artículo del blog,C
/asesoria-internacional-el-salvador-prestacion-economica-por-renuncia-voluntaria,/post/asesoria-internacional-el-salvador-prestacion-economica-por-renuncia-voluntaria,Artículo del blog,C
/aspectos-importantes-en-el-calculo-de-finiquito-de-jubilacion-patronal,/post/aspectos-importantes-en-el-calculo-de-finiquito-de-jubilacion-patronal,Artículo del blog,C
/automatizacion-robotica-de-procesos-rpa-e-inteligencia-artificial-ai,/post/automatizacion-robotica-de-procesos-rpa-e-inteligencia-artificial-ai,Artículo del blog,C
/beneficios-de-un-chatbot,/post/beneficios-de-un-chatbot,Artículo del blog,C
/beneficios-de-utilizar-servicios-actuariales,/post/beneficios-de-utilizar-servicios-actuariales,Artículo del blog,C
/beneficios-plan-de-ahorro-y-retiro,/post/beneficios-plan-de-ahorro-y-retiro,Artículo del blog,C
/benefits-using-qualified-actuarial-services-company,/post/benefits-using-qualified-actuarial-services-company,Artículo del blog,C
/blockchain,/post/blockchain,Artículo del blog,C
/blockchain-en-el-mercado-asegurador-innovacion-y-perspectivas-en-el-contexto-ecuatoriano,/post/blockchain-en-el-mercado-asegurador-innovacion-y-perspectivas-en-el-contexto-ecuatoriano,Artículo del blog,C
/blockchain-en-el-mercado-asegurador-innovacion-y-perspectivas-en-el-contexto-ecuatoriano-2,/post/blockchain-en-el-mercado-asegurador-innovacion-y-perspectivas-en-el-contexto-ecuatoriano-2,Artículo del blog,C
/brecha-salarial-de-genero-durante-la-pandemia-en-el-ecuador-y-el-mundo,/post/brecha-salarial-de-genero-durante-la-pandemia-en-el-ecuador-y-el-mundo,Artículo del blog,C
/buscamos-asistente-pasivos-laborales,/post/buscamos-asistente-pasivos-laborales,Artículo del blog,C
/business-intelligence,/post/business-intelligence,Artículo del blog,C
/business-intelligence-beneficios,/post/business-intelligence-beneficios,Artículo del blog,C
/business-intelligence-el-futuro-de-la-gestion-empresarial,/post/business-intelligence-el-futuro-de-la-gestion-empresarial,Artículo del blog,C
/business-intelligence-en-la-gestion-de-recursos-humanos,/post/business-intelligence-en-la-gestion-de-recursos-humanos,Artículo del blog,C
/business-intelligence-una-necesidad-empresarial,/post/business-intelligence-una-necesidad-empresarial,Artículo del blog,C
/business-intelligence-y-sus-beneficios,/post/business-intelligence-y-sus-beneficios,Artículo del blog,C
/calculo-reservas-para-programas-de-fidelizacion,/post/calculo-reservas-para-programas-de-fidelizacion,Artículo del blog,C
/cambios-demograficos-y-culturales-retos-y-oportunidades-para-la-innovacion-en-seguros-y-salud,/post/cambios-demograficos-y-culturales-retos-y-oportunidades-para-la-innovacion-en-seguros-y-salud,Artículo del blog,C
/cambios-demograficos-y-sociales,/post/cambios-demograficos-y-sociales,Artículo del blog,C
/cambiosdemograficoylaseguridadsocial,/post/cambiosdemograficoylaseguridadsocial,Artículo del blog,C
/capacitaciones-seguros,/post/capacitaciones-seguros,Artículo del blog,C
/certificacion-iso-27001-2013,/post/certificacion-iso-27001-2013,Artículo del blog,C
/ciberataques-y-robo-de-datos-personales-la-importancia-de-la-gestion-de-seguridad-de-la-informacion-y-la-norma-iso-27001,/post/ciberataques-y-robo-de-datos-personales-la-importancia-de-la-gestion-de-seguridad-de-la-informacion-y-la-norma-iso-27001,Artículo del blog,C
/coberturas-y-requisitos-del-seguro-de-invalidez-vejez-y-muerte-del-iess,/post/coberturas-y-requisitos-del-seguro-de-invalidez-vejez-y-muerte-del-iess,Artículo del blog,C
/comite-de-pensiones-beneficios-y-seguridad-social,/post/comite-de-pensiones-beneficios-y-seguridad-social,Artículo del blog,C
/como-la-ciencia-de-datos-esta-transformando-la-lucha-contra-el-cambio-climatico,/post/como-la-ciencia-de-datos-esta-transformando-la-lucha-contra-el-cambio-climatico,Artículo del blog,C
/como-la-tecnologia-ha-ayudado-a-sobrellevar-la-crisis,/post/como-la-tecnologia-ha-ayudado-a-sobrellevar-la-crisis,Artículo del blog,C
/como-prepararse-para-la-jubilacion,/post/como-prepararse-para-la-jubilacion,Artículo del blog,C
/conoce-nuestro-portafolio-de-productos,/post/conoce-nuestro-portafolio-de-productos,Artículo del blog,C
/coronavirus-golpea-a-la-industria-del-turismo-global,/post/coronavirus-golpea-a-la-industria-del-turismo-global,Artículo del blog,C
/covid-19-y-su-efecto-en-los-paises-latinoamericanos,/post/covid-19-y-su-efecto-en-los-paises-latinoamericanos,Artículo del blog,C
/cuales-son-los-sistemas-de-pensiones-mas-exitosos-del-mundo,/post/cuales-son-los-sistemas-de-pensiones-mas-exitosos-del-mundo,Artículo del blog,C
/cual-fue-el-impacto-del-covid-19-en-el-mercado-asegurador-ecuatoriano-en-el-2020,/post/cual-fue-el-impacto-del-covid-19-en-el-mercado-asegurador-ecuatoriano-en-el-2020,Artículo del blog,C
/cuanto-cambiaria-la-pension-por-vejez-del-iess,/post/cuanto-cambiaria-la-pension-por-vejez-del-iess,Artículo del blog,C
/customer-experience-y-la-busqueda-de-la-innovacion-constante,/post/customer-experience-y-la-busqueda-de-la-innovacion-constante,Artículo del blog,C
/dashboard-de-inteligencia-comercial-de-ecuador-que-es-como-funciona-y-que-puede-responder,/post/dashboard-de-inteligencia-comercial-de-ecuador-que-es-como-funciona-y-que-puede-responder,Artículo del blog,C
/data-analytics-y-la-nueva-era-del-futbol,/post/data-analytics-y-la-nueva-era-del-futbol,Artículo del blog,C
/data-analytics-y-su-relevancia-en-el-mundial-de-catar,/post/data-analytics-y-su-relevancia-en-el-mundial-de-catar,Artículo del blog,C
/data-mining,/post/data-mining,Artículo del blog,C
/datascience,/post/datascience,Artículo del blog,C
/de-apagones-a-innovacion-el-futuro-energetico-del-ecuador,/post/de-apagones-a-innovacion-el-futuro-energetico-del-ecuador,Artículo del blog,C
/deducibilidad-de-la-provision-de-jubilacion-patronal-a-traves-de-un-fondo-de-inversion,/post/deducibilidad-de-la-provision-de-jubilacion-patronal-a-traves-de-un-fondo-de-inversion,Artículo del blog,C
/desarrollodecotizadores,/post/desarrollodecotizadores,Artículo del blog,C
/desarrollo-de-productos-para-seguros,/post/desarrollo-de-productos-para-seguros,Artículo del blog,C
/desigualdad-de-las-pensiones-de-jubilacion-entre-generaciones,/post/desigualdad-de-las-pensiones-de-jubilacion-entre-generaciones,Artículo del blog,C
/ecuador-el-dolar-y-su-inflacion-record,/post/ecuador-el-dolar-y-su-inflacion-record,Artículo del blog,C
/ecuador-el-pais-con-la-pension-jubilar-mas-alta-de-la-region,/post/ecuador-el-pais-con-la-pension-jubilar-mas-alta-de-la-region,Artículo del blog,C
/efectos-financieros-ley-medicina-prepagada,/post/efectos-financieros-ley-medicina-prepagada,Artículo del blog,C
/el-auge-de-los-negocios-digitales-y-la-seguridad-social-en-ecuador,/post/el-auge-de-los-negocios-digitales-y-la-seguridad-social-en-ecuador,Artículo del blog,C
/el-contador-y-sus-desafios-en-el-siglo-xxi,/post/el-contador-y-sus-desafios-en-el-siglo-xxi,Artículo del blog,C
/el-coronavirus-covid-19-las-redes-sociales-y-el-sistema-sanitario,/post/el-coronavirus-covid-19-las-redes-sociales-y-el-sistema-sanitario,Artículo del blog,C
/el-crecimiento-del-mercado-asegurador-a-traves-del-analisis-de-datos,/post/el-crecimiento-del-mercado-asegurador-a-traves-del-analisis-de-datos,Artículo del blog,C
/el-empleo-informal-ha-crecido-en-el-ecuador-pero-no-la-poblacion-afiliada-al-iess,/post/el-empleo-informal-ha-crecido-en-el-ecuador-pero-no-la-poblacion-afiliada-al-iess,Artículo del blog,C
/el-envejecimiento-de-la-poblacion,/post/el-envejecimiento-de-la-poblacion,Artículo del blog,C
/el-futuro-de-la-jubilacion-en-el-ecuador-un-debate-clave-entre-sostenibilidad-y-derechos,/post/el-futuro-de-la-jubilacion-en-el-ecuador-un-debate-clave-entre-sostenibilidad-y-derechos,Artículo del blog,C
/el-impacto-de-la-inteligencia-artificial-en-la-valoracion-de-empresas,/post/el-impacto-de-la-inteligencia-artificial-en-la-valoracion-de-empresas,Artículo del blog,C
/el-impacto-del-envejecimiento-poblacional-y-el-coronavirus-covid-19,/post/el-impacto-del-envejecimiento-poblacional-y-el-coronavirus-covid-19,Artículo del blog,C
/el-precio-del-seguro-que-tiene-que-ver-dividir-gastos-entre-amigos-con-el-precio-de-un-seguro,/post/el-precio-del-seguro-que-tiene-que-ver-dividir-gastos-entre-amigos-con-el-precio-de-un-seguro,Artículo del blog,C
/el-seguro-social-necesita-reformarse,/post/el-seguro-social-necesita-reformarse,Artículo del blog,C
/envejecimiento-de-ecuatorianos-afecta-a-la-seguridad-social,/post/envejecimiento-de-ecuatorianos-afecta-a-la-seguridad-social,Artículo del blog,C
/ergonomia-para-el-teletrabajo,/post/ergonomia-para-el-teletrabajo,Artículo del blog,C
/evaluacion-360-y-clima-laboral,/post/evaluacion-360-y-clima-laboral,Artículo del blog,C
/evaluacion-de-riesgos-climaticos-y-su-impacto-en-el-sector-asegurador,/post/evaluacion-de-riesgos-climaticos-y-su-impacto-en-el-sector-asegurador,Artículo del blog,C
/evaluacion-de-riesgos-climaticos-y-su-impacto-en-el-sector-asegurador-2,/post/evaluacion-de-riesgos-climaticos-y-su-impacto-en-el-sector-asegurador-2,Artículo del blog,C
/evolucion-de-los-principales-actores-en-el-mercado-de-seguros,/post/evolucion-de-los-principales-actores-en-el-mercado-de-seguros,Artículo del blog,C
/finanzas-personales-un-factor-clave-en-tu-vida,/post/finanzas-personales-un-factor-clave-en-tu-vida,Artículo del blog,C
/fondeo-del-pasivo-laboral-como-alternativa-de-gestion-de-obligaciones-patronales,/post/fondeo-del-pasivo-laboral-como-alternativa-de-gestion-de-obligaciones-patronales,Artículo del blog,C
/fondos-privados-jubilacion-cesantia,/post/fondos-privados-jubilacion-cesantia,Artículo del blog,C
/gestionar-la-incertidumbre-un-desafio-empresarial,/post/gestionar-la-incertidumbre-un-desafio-empresarial,Artículo del blog,C
/guia-rapida-sobre-soluciones-aplicadas-de-software,/post/guia-rapida-sobre-soluciones-aplicadas-de-software,Artículo del blog,C
/hipoteca-inversa-una-solucion-para-los-adultos-mayores,/post/hipoteca-inversa-una-solucion-para-los-adultos-mayores,Artículo del blog,C
/ia-generativa-la-herramienta-que-esta-transformando-a-las-empresas-de-todos-los-sectores,/post/ia-generativa-la-herramienta-que-esta-transformando-a-las-empresas-de-todos-los-sectores,Artículo del blog,C
/identidad-corporativa-actuaria,/post/identidad-corporativa-actuaria,Artículo del blog,C
/iess-levanto-la-reserva-de-los-estudios-actuariales,/post/iess-levanto-la-reserva-de-los-estudios-actuariales,Artículo del blog,C
/iess-riesgo-descapitalizacion-posibles-medidas,/post/iess-riesgo-descapitalizacion-posibles-medidas,Artículo del blog,C
/iess-sistema-de-gestion-inviable,/post/iess-sistema-de-gestion-inviable,Artículo del blog,C
/ifrs-17-en-ecuador-gestion-estrategica-del-riesgo-y-transformacion-financiera-en-el-sector-asegurador,/post/ifrs-17-en-ecuador-gestion-estrategica-del-riesgo-y-transformacion-financiera-en-el-sector-asegurador,Artículo del blog,C
/impacto-de-la-apertura-del-metro-de-quito,/post/impacto-de-la-apertura-del-metro-de-quito,Artículo del blog,C
/impacto-de-la-inteligencia-artificial-en-el-empleo-sustitucion-o-transformacion-laboral,/post/impacto-de-la-inteligencia-artificial-en-el-empleo-sustitucion-o-transformacion-laboral,Artículo del blog,C
/impacto-de-la-pandemia-covid-19-en-la-expectativa-de-vida,/post/impacto-de-la-pandemia-covid-19-en-la-expectativa-de-vida,Artículo del blog,C
/impacto-del-envejecimiento-poblacional-en-ecuador-sobre-los-costos-medicos-analisis-de-frecuencia-y-severidad-en-salud,/post/impacto-del-envejecimiento-poblacional-en-ecuador-sobre-los-costos-medicos-analisis-de-frecuencia-y-severidad-en-salud,Artículo del blog,C
/impacto-del-envejecimiento-poblacional-en-el-iess-proyeccion-actuarial-de-sostenibilidad-del-sistema-de-pensiones-en-los-proximos-20-anos,/post/impacto-del-envejecimiento-poblacional-en-el-iess-proyeccion-actuarial-de-sostenibilidad-del-sistema-de-pensiones-en-los-proximos-20-anos,Artículo del blog,C
/impacto-en-el-pago-del-impuesto-a-la-renta-de-las-personas-naturales-ley-organica-para-el-fortalecimiento-de-la-economia-familiar,/post/impacto-en-el-pago-del-impuesto-a-la-renta-de-las-personas-naturales-ley-organica-para-el-fortalecimiento-de-la-economia-familiar,Artículo del blog,C
/impacto-financiero-de-la-reforma-nic-19,/post/impacto-financiero-de-la-reforma-nic-19,Artículo del blog,C
/impactos-de-la-pandemia-en-los-habitos-de-trabajo,/post/impactos-de-la-pandemia-en-los-habitos-de-trabajo,Artículo del blog,C
/implicaciones-actuales-sobre-el-calculo-de-la-pension-de-la-jubilacion-patronal,/post/implicaciones-actuales-sobre-el-calculo-de-la-pension-de-la-jubilacion-patronal,Artículo del blog,C
/implicaciones-del-incremento-del-salario-basico-unificado,/post/implicaciones-del-incremento-del-salario-basico-unificado,Artículo del blog,C
/implicaciones-ley-organica-de-simplificacio-y-progresividad-tributaria,/post/implicaciones-ley-organica-de-simplificacio-y-progresividad-tributaria,Artículo del blog,C
/implicaciones-ley-organica-que-regula-a-las-companias,/post/implicaciones-ley-organica-que-regula-a-las-companias,Artículo del blog,C
/importancia-de-alcanzar-un-clima-laboral-optimo,/post/importancia-de-alcanzar-un-clima-laboral-optimo,Artículo del blog,C
/importancia-de-estudios-de-impuestos-diferidos-por-las-provisiones-de-jubilacion-patronal,/post/importancia-de-estudios-de-impuestos-diferidos-por-las-provisiones-de-jubilacion-patronal,Artículo del blog,C
/importancia-de-la-inversion-de-las-utilidades,/post/importancia-de-la-inversion-de-las-utilidades,Artículo del blog,C
/importancia-de-la-prevision-del-retiro,/post/importancia-de-la-prevision-del-retiro,Artículo del blog,C
/importancia-del-calculo-de-reservas-tecnicas,/post/importancia-del-calculo-de-reservas-tecnicas,Artículo del blog,C
/importancia-del-estudio-actuarial,/post/importancia-del-estudio-actuarial,Artículo del blog,C
/importancia-del-estudio-actuarial-en-las-pymes,/post/importancia-del-estudio-actuarial-en-las-pymes,Artículo del blog,C
/importancia-de-los-estudios-actuariales-en-materia-de-seguridad-social,/post/importancia-de-los-estudios-actuariales-en-materia-de-seguridad-social,Artículo del blog,C
/importancia-de-realizar-un-diagnostico-financiero-de-una-empresa,/post/importancia-de-realizar-un-diagnostico-financiero-de-una-empresa,Artículo del blog,C
/incentivo-tributario-de-la-ley-organica-para-impulsar-la-economia-violeta,/post/incentivo-tributario-de-la-ley-organica-para-impulsar-la-economia-violeta,Artículo del blog,C
/incentivo-tributario-de-la-ley-organica-para-impulsar-la-economia-violetas-2,/post/incentivo-tributario-de-la-ley-organica-para-impulsar-la-economia-violetas-2,Artículo del blog,C
/indice-de-preparacion-del-gobierno-para-la-inteligencia-artificial,/post/indice-de-preparacion-del-gobierno-para-la-inteligencia-artificial,Artículo del blog,C
/informe-iess-actuaria,/post/informe-iess-actuaria,Artículo del blog,C
/innovacion-de-las-finanzas-a-traves-de-data-analytics,/post/innovacion-de-las-finanzas-a-traves-de-data-analytics,Artículo del blog,C
/innovacion-tecnologica-en-el-calculo-de-reservas-matematicas-de-beneficios-a-empleados,/post/innovacion-tecnologica-en-el-calculo-de-reservas-matematicas-de-beneficios-a-empleados,Artículo del blog,C
/inteligencia-artificial-en-la-medicina-actualidad-y-retos-para-el-futuro,/post/inteligencia-artificial-en-la-medicina-actualidad-y-retos-para-el-futuro,Artículo del blog,C
/inteligencia-artificial-ia-oportunidades-y-amenazas,/post/inteligencia-artificial-ia-oportunidades-y-amenazas,Artículo del blog,C
/inteligencia-artificial-la-clave-de-la-transformacion-empresarial,/post/inteligencia-artificial-la-clave-de-la-transformacion-empresarial,Artículo del blog,C
/interpretacion-niif-tasa-descuento-financero-ecuador,/post/interpretacion-niif-tasa-descuento-financero-ecuador,Artículo del blog,C
/iso-9001-2015-certificado-de-gestion-de-calidad,/post/iso-9001-2015-certificado-de-gestion-de-calidad,Artículo del blog,C
/jornadas-internacionales-de-derecho-empresarial,/post/jornadas-internacionales-de-derecho-empresarial,Artículo del blog,C
/jubilacion-patronal-y-fondeo,/post/jubilacion-patronal-y-fondeo,Artículo del blog,C
/la-analitica-de-datos-como-la-principal-materia-prima-de-los-negocios,/post/la-analitica-de-datos-como-la-principal-materia-prima-de-los-negocios,Artículo del blog,C
/la-batalla-del-data-science-contra-el-coronavirus,/post/la-batalla-del-data-science-contra-el-coronavirus,Artículo del blog,C
/la-brecha-salarial-y-participacion-laboral-segun-claudia-goldin,/post/la-brecha-salarial-y-participacion-laboral-segun-claudia-goldin,Artículo del blog,C
/la-experiencia-reemplaza-los-titulos,/post/la-experiencia-reemplaza-los-titulos,Artículo del blog,C
/la-gestion-de-riesgos-en-las-empresas,/post/la-gestion-de-riesgos-en-las-empresas,Artículo del blog,C
/la-gestion-de-riesgos-en-las-empresas-del-mercado-asegurador,/post/la-gestion-de-riesgos-en-las-empresas-del-mercado-asegurador,Artículo del blog,C
/la-importancia-de-las-ciencias-actuariales-en-las-estrategias-financieras,/post/la-importancia-de-las-ciencias-actuariales-en-las-estrategias-financieras,Artículo del blog,C
/la-influencia-de-las-emociones-en-las-decisiones-fiancieras,/post/la-influencia-de-las-emociones-en-las-decisiones-fiancieras,Artículo del blog,C
/la-innovacion-empresarial-y-su-importancia,/post/la-innovacion-empresarial-y-su-importancia,Artículo del blog,C
/la-innovacion-tecnologica-a-traves-de-actuafast,/post/la-innovacion-tecnologica-a-traves-de-actuafast,Artículo del blog,C
/la-inteligencia-artificial-como-herramienta-para-automatizar-procesos,/post/la-inteligencia-artificial-como-herramienta-para-automatizar-procesos,Artículo del blog,C
/la-inteligencia-de-datos-con-ia-transformando-la-toma-de-decisiones-en-el-mercado-financiero-y-empresaria,/post/la-inteligencia-de-datos-con-ia-transformando-la-toma-de-decisiones-en-el-mercado-financiero-y-empresaria,Artículo del blog,C
/la-jubilacion-patronal-es-suficiente-para-el-retiro,/post/la-jubilacion-patronal-es-suficiente-para-el-retiro,Artículo del blog,C
/la-magia-del-data-science-y-como-utilizarlo-para-ampliar-los-negocios,/post/la-magia-del-data-science-y-como-utilizarlo-para-ampliar-los-negocios,Artículo del blog,C
/la-modalidad-de-teletrabajo-en-ecuador,/post/la-modalidad-de-teletrabajo-en-ecuador,Artículo del blog,C
/la-nueva-normalidad-de-la-tasa-pasiva-referencial-factores-economicos-y-efectos-actuariales,/post/la-nueva-normalidad-de-la-tasa-pasiva-referencial-factores-economicos-y-efectos-actuariales,Artículo del blog,C
/la-pandemia-del-covid-19-genero-un-retraso-de-mas-de-una-decada-en-los-niveles-de-participacion-laboral-de-los-mujeres-en-la-region,/post/la-pandemia-del-covid-19-genero-un-retraso-de-mas-de-una-decada-en-los-niveles-de-participacion-laboral-de-los-mujeres-en-la-region,Artículo del blog,C
/la-pandemia-un-reto-para-la-seguridad-social-del-ecuador,/post/la-pandemia-un-reto-para-la-seguridad-social-del-ecuador,Artículo del blog,C
/la-prospectiva-una-oportunidad-de-crecimiento-para-las-organizaciones,/post/la-prospectiva-una-oportunidad-de-crecimiento-para-las-organizaciones,Artículo del blog,C
/la-recreacion-fomenta-la-motivacion-de-los-colaboradores,/post/la-recreacion-fomenta-la-motivacion-de-los-colaboradores,Artículo del blog,C
/la-seguridad-social,/post/la-seguridad-social,Artículo del blog,C
/la-seguridad-social-publica-en-el-ecuador-y-nicaragua,/post/la-seguridad-social-publica-en-el-ecuador-y-nicaragua,Artículo del blog,C
/las-mujeres-ganan-terreno-en-el-sector-empresarial-sin-embargo-la-brecha-salarial-persiste,/post/las-mujeres-ganan-terreno-en-el-sector-empresarial-sin-embargo-la-brecha-salarial-persiste,Artículo del blog,C
/las-organizaciones-buscan-incorporar-los-mejores-talentos-al-reclutar,/post/las-organizaciones-buscan-incorporar-los-mejores-talentos-al-reclutar,Artículo del blog,C
/ley-de-medicina-prepagada-y-asistencia-medica-preexistencia-embarazo-y-adulto-mayor,/post/ley-de-medicina-prepagada-y-asistencia-medica-preexistencia-embarazo-y-adulto-mayor,Artículo del blog,C
/los-aspectos-macroeconomicos-tambien-afectan-tu-provision-laboral-te-explicamos-como,/post/los-aspectos-macroeconomicos-tambien-afectan-tu-provision-laboral-te-explicamos-como,Artículo del blog,C
/los-ciberseguros-una-necesidad-frente-al-aumento-de-la-ciberdelincuencia,/post/los-ciberseguros-una-necesidad-frente-al-aumento-de-la-ciberdelincuencia,Artículo del blog,C
/losderechoshumanos,/post/losderechoshumanos,Artículo del blog,C
/los-estudios-actuariales-son-clave-para-una-sostenibilidad-financiera-empresarial,/post/los-estudios-actuariales-son-clave-para-una-sostenibilidad-financiera-empresarial,Artículo del blog,C
/machine-learning,/post/machine-learning,Artículo del blog,C
/machine-learning-actuaria,/post/machine-learning-actuaria,Artículo del blog,C
/machine-learning-para-el-mercado-asegurador,/post/machine-learning-para-el-mercado-asegurador,Artículo del blog,C
/machine-learning-previene-las-transacciones-fraudulentas,/post/machine-learning-previene-las-transacciones-fraudulentas,Artículo del blog,C
/manejo-de-finanzas-en-navidad,/post/manejo-de-finanzas-en-navidad,Artículo del blog,C
/manejo-del-iess-repercusiones,/post/manejo-del-iess-repercusiones,Artículo del blog,C
/mas-alla-del-calculo-actuarial-como-las-provisiones-por-beneficios-a-empleados-inciden-en-el-resultado-fiscal,/post/mas-alla-del-calculo-actuarial-como-las-provisiones-por-beneficios-a-empleados-inciden-en-el-resultado-fiscal,Artículo del blog,C
/matematica-actuarial-en-el-calculo-de-pensiones-de-jubilacion,/post/matematica-actuarial-en-el-calculo-de-pensiones-de-jubilacion,Artículo del blog,C
/materialidad-de-la-informacion-actuarial,/post/materialidad-de-la-informacion-actuarial,Artículo del blog,C
/microseguros-en-ecuador-proteccion-financiera-para-el-desarrollo,/post/microseguros-en-ecuador-proteccion-financiera-para-el-desarrollo,Artículo del blog,C
/microseguros-un-producto-para-la-inclusion-financiera-y-social,/post/microseguros-un-producto-para-la-inclusion-financiera-y-social,Artículo del blog,C
/modelos-predictivos-para-evitar-la-desercion-de-clientes,/post/modelos-predictivos-para-evitar-la-desercion-de-clientes,Artículo del blog,C
/mujeres-en-las-matematicas-talento-sin-barreras,/post/mujeres-en-las-matematicas-talento-sin-barreras,Artículo del blog,C
/nueva-calificacion-actuaria,/post/nueva-calificacion-actuaria,Artículo del blog,C
/nueva-resolucion-reservas-tecnicas,/post/nueva-resolucion-reservas-tecnicas,Artículo del blog,C
/nuevo-instructivo-para-la-aplicacion-de-las-normas-niif,/post/nuevo-instructivo-para-la-aplicacion-de-las-normas-niif,Artículo del blog,C
/ods5-igualdad-de-genero,/post/ods5-igualdad-de-genero,Artículo del blog,C
/panorama-de-la-situacion-economica-mundial-ante-el-conflicto-entre-rusia-y-ucrania,/post/panorama-de-la-situacion-economica-mundial-ante-el-conflicto-entre-rusia-y-ucrania,Artículo del blog,C
/panorama-en-chile-frente-a-la-nueva-constitucion,/post/panorama-en-chile-frente-a-la-nueva-constitucion,Artículo del blog,C
/pbss-colloquium-cancun-actuaria-la-inversion-de-fondos-de-pensiones-en-reforestacion-y-proyectos-forestales-en-ecuador,/post/pbss-colloquium-cancun-actuaria-la-inversion-de-fondos-de-pensiones-en-reforestacion-y-proyectos-forestales-en-ecuador,Artículo del blog,C
/pi-en-las-ciencias-actuariales,/post/pi-en-las-ciencias-actuariales,Artículo del blog,C
/plan-ahorro-retiro-actua-par,/post/plan-ahorro-retiro-actua-par,Artículo del blog,C
/plan-de-ahorro-y-retiro-beneficios,/post/plan-de-ahorro-y-retiro-beneficios,Artículo del blog,C
/plan-de-ahorro-y-retiro-una-alternativa-de-ahorro-e-inversion,/post/plan-de-ahorro-y-retiro-una-alternativa-de-ahorro-e-inversion,Artículo del blog,C
/por-que-actuaria,/post/por-que-actuaria,Artículo del blog,C
/por-que-es-importante-que-las-companias-generen-un-plan-interno-al-ejecutar-un-dlv,/post/por-que-es-importante-que-las-companias-generen-un-plan-interno-al-ejecutar-un-dlv,Artículo del blog,C
/por-que-gestionar-el-clima-laboral-de-las-empresas,/post/por-que-gestionar-el-clima-laboral-de-las-empresas,Artículo del blog,C
/por-que-seguimos-apostando-aun-con-probabilidades-en-contra,/post/por-que-seguimos-apostando-aun-con-probabilidades-en-contra,Artículo del blog,C
/por-que-son-importante-los-programas-de-capacitacion-en-las-empresas,/post/por-que-son-importante-los-programas-de-capacitacion-en-las-empresas,Artículo del blog,C
/por-un-8-de-marzo-de-igualdad-y-equidad-laboral,/post/por-un-8-de-marzo-de-igualdad-y-equidad-laboral,Artículo del blog,C
/por-un-8-de-marzo-de-igualdad-y-equidad-laboral-2,/post/por-un-8-de-marzo-de-igualdad-y-equidad-laboral-2,Artículo del blog,C
/primerinformeactuaria-nacionesunidasglobalcompact,/post/primerinformeactuaria-nacionesunidasglobalcompact,Artículo del blog,C
/principio-de-plena-competencia-y-los-precios-de-transferencia,/post/principio-de-plena-competencia-y-los-precios-de-transferencia,Artículo del blog,C
/proceso-de-seleccion,/post/proceso-de-seleccion,Artículo del blog,C
/proyeccion-de-pasivos-laborales-anticipa-riesgos-fortalece-tu-empresa-y-evita-sorpresas-financieras,/post/proyeccion-de-pasivos-laborales-anticipa-riesgos-fortalece-tu-empresa-y-evita-sorpresas-financieras,Artículo del blog,C
/puede-un-modelo-estadistico-predecir-el-campeon-del-mundial-2026,/post/puede-un-modelo-estadistico-predecir-el-campeon-del-mundial-2026,Artículo del blog,C
/punto-de-equilibrio-finanzas,/post/punto-de-equilibrio-finanzas,Artículo del blog,C
/que-es-un-panel-de-control,/post/que-es-un-panel-de-control,Artículo del blog,C
/que-hace-un-actuario,/post/que-hace-un-actuario,Artículo del blog,C
/que-hay-despues-de-la-jubilacion-del-seguro-social-en-el-ecuador,/post/que-hay-despues-de-la-jubilacion-del-seguro-social-en-el-ecuador,Artículo del blog,C
/ranking-de-companias-de-seguros-por-primas-netas-emitidas-ecuador,/post/ranking-de-companias-de-seguros-por-primas-netas-emitidas-ecuador,Artículo del blog,C
/reglamento-a-la-ley-de-reactivacion-economica,/post/reglamento-a-la-ley-de-reactivacion-economica,Artículo del blog,C
/relevancia-del-pasivo-laboral-en-la-contabilidad-de-las-empresas-ecuatorianas,/post/relevancia-del-pasivo-laboral-en-la-contabilidad-de-las-empresas-ecuatorianas,Artículo del blog,C
/repercusiones-del-paro-nacional,/post/repercusiones-del-paro-nacional,Artículo del blog,C
/responsabilidad-social-empresarial,/post/responsabilidad-social-empresarial,Artículo del blog,C
/retorno-laboral,/post/retorno-laboral,Artículo del blog,C
/riesgo-moral-el-factor-invisible-que-dispara-la-inflacion-medica,/post/riesgo-moral-el-factor-invisible-que-dispara-la-inflacion-medica,Artículo del blog,C
/riesgos-para-fondos-previsionales,/post/riesgos-para-fondos-previsionales,Artículo del blog,C
/sabias-que-para-2020-y-2021-existe-un-nuevo-tipo-de-gasto-deducible-para-el-impuesto-a-la-renta,/post/sabias-que-para-2020-y-2021-existe-un-nuevo-tipo-de-gasto-deducible-para-el-impuesto-a-la-renta,Artículo del blog,C
/savings-retirement-plan,/post/savings-retirement-plan,Artículo del blog,C
/segmentacion-el-motor-de-una-estrategia-empresarial-efectiva,/post/segmentacion-el-motor-de-una-estrategia-empresarial-efectiva,Artículo del blog,C
/seguridad-juridica-vs-realidad-financiera-el-dilema-del-fondo-global,/post/seguridad-juridica-vs-realidad-financiera-el-dilema-del-fondo-global,Artículo del blog,C
/seguridad-social-en-espana,/post/seguridad-social-en-espana,Artículo del blog,C
/seguridad-social-en-francia,/post/seguridad-social-en-francia,Artículo del blog,C
/ser-un-colaborador-actuaria,/post/ser-un-colaborador-actuaria,Artículo del blog,C
/servicios-actuaria,/post/servicios-actuaria,Artículo del blog,C
/sistema-de-pensiones-en-europa,/post/sistema-de-pensiones-en-europa,Artículo del blog,C
/sistemas-de-pensiones-en-america-latina,/post/sistemas-de-pensiones-en-america-latina,Artículo del blog,C
/sistemas-de-pensiones-en-america-latina-y-el-caribe,/post/sistemas-de-pensiones-en-america-latina-y-el-caribe,Artículo del blog,C
/sistemas-nordicos-y-pensiones-verdes,/post/sistemas-nordicos-y-pensiones-verdes,Artículo del blog,C
/situacion-compleja-iess,/post/situacion-compleja-iess,Artículo del blog,C
/situacion-financiera-iess,/post/situacion-financiera-iess,Artículo del blog,C
/situacion-laboral-ecuador-2020,/post/situacion-laboral-ecuador-2020,Artículo del blog,C
/solvencia-ii,/post/solvencia-ii,Artículo del blog,C
/solvencia-ii-beneficios-clave-para-fortalecer-a-las-aseguradoras,/post/solvencia-ii-beneficios-clave-para-fortalecer-a-las-aseguradoras,Artículo del blog,C
/te-has-preguntado-que-pasaria-si-no-planificas-tu-retiro,/post/te-has-preguntado-que-pasaria-si-no-planificas-tu-retiro,Artículo del blog,C
/teletrabajo,/post/teletrabajo,Artículo del blog,C
/transformacion-digital-en-la-gestion-de-fondos-de-jubilacion-en-ecuador,/post/transformacion-digital-en-la-gestion-de-fondos-de-jubilacion-en-ecuador,Artículo del blog,C
/transforma-la-gestion-del-pasivo-laboral-con-el-simulador-de-beneficios-post-empleo,/post/transforma-la-gestion-del-pasivo-laboral-con-el-simulador-de-beneficios-post-empleo,Artículo del blog,C
/transicion-de-esquemas-para-sistemas-de-pensiones-quien-paga-el-costo-del-cambio,/post/transicion-de-esquemas-para-sistemas-de-pensiones-quien-paga-el-costo-del-cambio,Artículo del blog,C
/trasformacion-digital,/post/trasformacion-digital,Artículo del blog,C
/una-decision-complicada-la-vision-del-jubilado,/post/una-decision-complicada-la-vision-del-jubilado,Artículo del blog,C
/una-opcion-viable-ante-la-situacion-del-sistema-de-pensiones,/post/una-opcion-viable-ante-la-situacion-del-sistema-de-pensiones,Artículo del blog,C
/una-vision-de-liderazgo-en-tiempos-dificiles,/post/una-vision-de-liderazgo-en-tiempos-dificiles,Artículo del blog,C
/utilidades-una-oportunidad-de-ahorro,/post/utilidades-una-oportunidad-de-ahorro,Artículo del blog,C
/ventajas-talleres-empresariales,/post/ventajas-talleres-empresariales,Artículo del blog,C
/actuaria-insights-n1-actualizacion-tasa-pasiva-referencial-junio-2026,/post/actuaria-insights-n1-actualizacion-tasa-pasiva-referencial-junio-2026,Artículo del blog,C
/agentes-inteligentes-en-2026-como-la-inteligencia-artificial-esta-transformando-empresas,/post/agentes-inteligentes-en-2026-como-la-inteligencia-artificial-esta-transformando-empresas,Artículo del blog,C
/bancos-y-aseguradoras-dos-modelos-un-mismo-desafio,/post/bancos-y-aseguradoras-dos-modelos-un-mismo-desafio,Artículo del blog,C
/el-mercado-laboral-esta-transformando-la-estrategia-de-remuneracion,/post/el-mercado-laboral-esta-transformando-la-estrategia-de-remuneracion,Artículo del blog,C
/por-que-estar-asegurados-nos-hace-asumir-mas-riesgos,/post/por-que-estar-asegurados-nos-hace-asumir-mas-riesgos,Artículo del blog,C
/inflacion-y-provision-de-jubilacion-patronal-esta-preparada-su-empresa-para-el-futuro,/post/inflacion-y-provision-de-jubilacion-patronal-esta-preparada-su-empresa-para-el-futuro,Artículo del blog,C
/jubilacion-patronal-y-conciliacion-tributaria-las-cinco-revisiones-comunes-que-realiza-el-sri,/post/jubilacion-patronal-y-conciliacion-tributaria-las-cinco-revisiones-comunes-que-realiza-el-sri,Artículo del blog,C
/actuaria-en-el-vii-congreso-tributa-2026-organizado-por-el-colegio-de-contadores,/post/actuaria-en-el-vii-congreso-tributa-2026-organizado-por-el-colegio-de-contadores,Artículo del blog,C
/calculadoras,/12-calculadoras-especializadas,Página,A
/login,/,Acceso o función de WordPress,A
/estudiosactuariales-jubilacionpatronal,/estudio-actuarial-jubilacion-patronal,Página,B
/trabajaconnosotros,/nosotros,Página,B
/data-analytics,/analisis-de-datos,Página,B
/iniciar-sesion-dashboard-seguros,https://plus.actuaria.com/,Acceso o función de WordPress,B
/register,https://plus.actuaria.com/,Acceso o función de WordPress,C
/demo_slider1,/,Excepción a la portada,B
/wp-content/uploads/2016/11/ppt-jp-jornadas-derecho-r.-ibarra.pdf,https://cdn.prod.website-files.com/6967c96e0fba2ea4f94d3c69/6aab630d21e3946fae8582ed_PPT-JP-Jornadas-Derecho-R-Ibarra.pdf,Documento o PDF,B
/wp-content/uploads/2016/11/PPT-JP-Jornadas-Derecho-R.-Ibarra.pdf,https://cdn.prod.website-files.com/6967c96e0fba2ea4f94d3c69/6aab630d21e3946fae8582ed_PPT-JP-Jornadas-Derecho-R-Ibarra.pdf,Documento o PDF,B
/riesgos-y-servicios-financieros,/riesgos-y-finanzas,Página,B
/salud-y-medicina-prepagada,/seguros-y-medicina,Página,B
/blog-actuaria,/blog,Página,B
/politica-de-privacidad-y-proteccion-de-datos-personales,https://cdn.prod.website-files.com/6967c96e0fba2ea4f94d3c69/6aa18df6459360730d2f79e4_politica-privacidad-proteccion-datos.pdf,Documento o PDF,C
/politica-de-prevencion-de-lavado-de-activos-y-antisoborno,https://cdn.prod.website-files.com/6967c96e0fba2ea4f94d3c69/6aa18df799ec7f9fe8ef9d73_politica-prevencion-lavado-activos-antisoborno.pdf,Documento o PDF,C
/solicitud-tratamiento-proteccion-datos-personales,https://cdn.prod.website-files.com/6967c96e0fba2ea4f94d3c69/6aa18df880e66d64b3d5f97d_solicitud-ejercicio-derechos-datos-personales.pdf,Documento o PDF,C
/solicitud-para-el-ejercicio-de-derechos-en-el-tratamiento-de-proteccion-de-datos-personales-2,https://cdn.prod.website-files.com/6967c96e0fba2ea4f94d3c69/6aa18df880e66d64b3d5f97d_solicitud-ejercicio-derechos-datos-personales.pdf,Documento o PDF,C
/certificacion-iso-90012015-gestion-de-la-calidad,https://cdn.prod.website-files.com/6967c96e0fba2ea4f94d3c69/6aa18df8abae1f93dd1f54ed_certificacion-iso-9001-2015.pdf,Documento o PDF,C
/certificacion-iso-iec-270012013-seguridad-de-la-informacion,https://cdn.prod.website-files.com/6967c96e0fba2ea4f94d3c69/6aa18df880e66d64b3d5f9bb_certificacion-iso-iec-27001-2022.pdf,Documento o PDF,C
/iso-iec-27001-2022,https://cdn.prod.website-files.com/6967c96e0fba2ea4f94d3c69/6aa18df880e66d64b3d5f9bb_certificacion-iso-iec-27001-2022.pdf,Documento o PDF,C
/codigo-de-conducta-empresarial,https://cdn.prod.website-files.com/6967c96e0fba2ea4f94d3c69/6abbe9ef7715a35b07817866_codigo-conducta-empresarial.pdf,Documento o PDF,C
/codigo-de-buen-gobierno-corporativo,https://cdn.prod.website-files.com/6967c96e0fba2ea4f94d3c69/6abbe9eff0ec45724fcbcbd6_codigo-buen-gobierno-corporativo.pdf,Documento o PDF,C
/reglamento-interno-del-directorio,https://cdn.prod.website-files.com/6967c96e0fba2ea4f94d3c69/6abbe9f0af836287a2bbdcda_reglamento-interno-directorio.pdf,Documento o PDF,C
/reglamento-interno-de-la-junta-de-accionistas,https://cdn.prod.website-files.com/6967c96e0fba2ea4f94d3c69/6abbe9f00e971ce644d3c423_reglamento-interno-junta-accionistas.pdf,Documento o PDF,C
/politica-de-igualdad-de-genero-2,https://cdn.prod.website-files.com/6967c96e0fba2ea4f94d3c69/6abbe9f0b559bd0f608baca7_politica-igualdad-genero.pdf,Documento o PDF,C
/wp-content/uploads/2026/01/ACTUARIA-CONSULTORES-ISO-9001.pdf,https://cdn.prod.website-files.com/6967c96e0fba2ea4f94d3c69/6aa18df8abae1f93dd1f54ed_certificacion-iso-9001-2015.pdf,Documento o PDF,C
/wp-content/uploads/2024/05/Politica-de-Proteccion-de-Datos-Personales.pdf,https://cdn.prod.website-files.com/6967c96e0fba2ea4f94d3c69/6aa18df6459360730d2f79e4_politica-privacidad-proteccion-datos.pdf,Documento o PDF,C
/wp-content/uploads/2024/10/SOLICITUD-PARA-EL-EJERCICIO-DE-DERECHOS-EN-EL-TRATAMIENTO-DE-PROTECCION-DE-DATOS-PERSONALES.pdf,https://cdn.prod.website-files.com/6967c96e0fba2ea4f94d3c69/6aa18df880e66d64b3d5f97d_solicitud-ejercicio-derechos-datos-personales.pdf,Documento o PDF,C
/wp-content/uploads/2024/05/Codigo_Conducta.pdf,https://cdn.prod.website-files.com/6967c96e0fba2ea4f94d3c69/6abbe9ef7715a35b07817866_codigo-conducta-empresarial.pdf,Documento o PDF,C
/wp-content/uploads/2024/05/ACTUARIA_Codigo_de_Buen_Gobierno_Corporativo.pdf,https://cdn.prod.website-files.com/6967c96e0fba2ea4f94d3c69/6abbe9eff0ec45724fcbcbd6_codigo-buen-gobierno-corporativo.pdf,Documento o PDF,C
/wp-content/uploads/2024/05/ACTUARIA_Reglamento_Interno_de_la_Junta-General_de_Accionistas.pdf,https://cdn.prod.website-files.com/6967c96e0fba2ea4f94d3c69/6abbe9f00e971ce644d3c423_reglamento-interno-junta-accionistas.pdf,Documento o PDF,C
/wp-content/uploads/2024/05/ACTUARIA_Reglamento_Interno_Directorio.pdf,https://cdn.prod.website-files.com/6967c96e0fba2ea4f94d3c69/6abbe9f0af836287a2bbdcda_reglamento-interno-directorio.pdf,Documento o PDF,C
/wp-content/uploads/2024/05/Certificado-27001-Seguridad-de-la-Informacion-1.pdf,https://cdn.prod.website-files.com/6967c96e0fba2ea4f94d3c69/6aa18df880e66d64b3d5f9bb_certificacion-iso-iec-27001-2022.pdf,Documento o PDF,C
/wp-content/uploads/2024/05/Politica-Prevencion-de-Lavado-de-Activos-y-Antisoborno.pdf,https://cdn.prod.website-files.com/6967c96e0fba2ea4f94d3c69/6aa18df799ec7f9fe8ef9d73_politica-prevencion-lavado-activos-antisoborno.pdf,Documento o PDF,C
/iniciar-sesion-dashboard-mp,https://plus.actuaria.com/,Acceso o función de WordPress,C
/login-dashboard-proyeccion,https://plus.actuaria.com/,Acceso o función de WordPress,C
/category/(.*),/blog,Comodín,C
/tag/(.*),/blog,Comodín,C
/author/(.*),/blog,Comodín,C
/page/(.*),/blog,Comodín,C
/feed,/blog,Comodín,C
/comments/feed,/blog,Comodín,C
/blog-actuaria/(.*),/blog,Comodín,C
